"","x"
"1",-1.2
"2",0.1
"3",-1
"4",2.8
"5",0
"6",0
"7",0
"8",0
"9",0
"10",0
"11",0
"12",0.8
"13",1.25
"14",0
"15",0
"16",0.15
"17",0
"18",0
"19",-2.5
"20",-0.65
"21",0
"22",1.75
"23",2.55
"24",-1
"25",-1.25
"26",3
"27",-0.5
"28",2.05
"29",0.6
"30",0.9
"31",-0.9
"32",-2.85
"33",-0.55
"34",-2.75
"35",-0.8
"36",0
"37",0
"38",0
"39",0
"40",-2.7
"41",0
"42",0
"43",0
"44",0
"45",2.1
"46",0
"47",-2.25
"48",-0.6
"49",-2.9
"50",0
"51",0.75
"52",0
"53",0.15
"54",0.75
"55",-0.25
"56",2.25
"57",1
"58",1.8
"59",3.5
"60",0
"61",5.4
"62",1.25
"63",0.65
"64",4.1
"65",0
"66",2.55
"67",-0.75
"68",1
"69",-1
"70",0.5
"71",0
"72",0.1
"73",-1
"74",4.65
"75",0
"76",0
"77",0
"78",0
"79",0
"80",-0.5
"81",-0.5
"82",-0.5
"83",0
"84",0
"85",0
"86",0.8
"87",1.5
"88",0
"89",-0.5
"90",0.75
"91",2.6
"92",-1.4
"93",-4.1
"94",-0.25
"95",-2
"96",1.75
"97",0
"98",-0.85
"99",-0.2
"100",2.9
"101",0
"102",0
"103",0
"104",0.1
"105",-1.8
"106",-0.25
"107",2
"108",-0.75
"109",0.5
"110",0.05
"111",0.1
"112",2.5
"113",1.05
"114",1.5
"115",0.05
"116",1.3
"117",0.4
"118",5.2
"119",0.9
"120",1.3
"121",1.85
"122",2
"123",0.3
"124",1.4
"125",0.7
"126",1.45
"127",-0.5
"128",0.15
"129",0
"130",1.25
"131",0.6
"132",0
"133",0
"134",1.8
"135",-0.75
"136",1.05
"137",0.4
"138",1
"139",1
"140",-0.6
"141",0
"142",0.85
"143",1.6
"144",0
"145",-0.4
"146",1.25
"147",1.4
"148",0
"149",-2.25
"150",0.15
"151",1.05
"152",-1
"153",0.4
"154",0.6
"155",-0.5
"156",0
"157",0
"158",0.8
"159",0
"160",-0.75
"161",2
"162",-1
"163",-0.25
"164",0.8
"165",0.25
"166",-1.35
"167",-1.5
"168",0.75
"169",-0.75
"170",0
"171",4.45
"172",3.7
"173",0.95
"174",-0.25
"175",-2.75
"176",2.1
"177",0
"178",-0.25
"179",0.1
"180",-1
"181",-0.9
"182",-0.3
"183",1
"184",0
"185",-0.9
"186",0
"187",2.3
"188",0
"189",0.25
"190",-2.1
"191",0.8
"192",0.5
"193",1.15
"194",2.4
"195",-2.1
"196",1.55
"197",2.8
"198",2.55
"199",-2.6
"200",1.5
"201",0.6
"202",0
"203",2.95
"204",2.25
"205",3.45
"206",1.1
"207",0.2
"208",2.1
"209",4.5
"210",-2.25
"211",-1
"212",0
"213",1.75
"214",-0.5
"215",1.75
"216",0.75
"217",0.85
"218",3.25
"219",2.85
"220",0
"221",-0.3
"222",-1.8
"223",3
"224",-2.15
"225",0.75
"226",0.8
"227",0
"228",-0.85
"229",0.25
"230",3.75
"231",0.5
"232",-1
"233",-1.1
"234",0
"235",2.05
"236",0.5
"237",2.8
"238",-0.25
"239",0
"240",-0.65
"241",-1
"242",0.7
"243",1.8
"244",1.55
"245",0
"246",0.6
"247",1.1
"248",2.2
"249",-1.35
"250",-0.7
"251",0
"252",0.1
"253",2.35
"254",1.7
"255",-1.4
"256",0
"257",0.9
"258",-1.5
"259",2.1
"260",0.6
"261",0
"262",0.5
"263",0.9
"264",-0.35
"265",0.7
"266",0
"267",2.25
"268",2.3
"269",0.75
"270",0
"271",0
"272",-5.35
"273",-0.65
"274",-2.15
"275",-2.1
"276",-1.25
"277",-0.75
"278",-0.75
"279",0
"280",0
"281",2.3
"282",0.5
"283",1.5
"284",-1.75
"285",0.25
"286",-0.1
"287",-0.25
"288",-1.5
"289",0
"290",0.8
"291",0.55
"292",-1.85
"293",0
"294",0
"295",-0.15
"296",0
"297",0
"298",4.6
"299",0.75
"300",1.75
"301",2
"302",5.4
"303",1.75
"304",2.15
"305",0.75
"306",1.95
"307",-0.25
"308",0
"309",-1.25
"310",0.25
"311",0.75
"312",-2.3
"313",0.7
"314",-0.15
"315",0.35
"316",4.1
"317",1.85
"318",-2.3
"319",-1.15
"320",0
"321",0
"322",-3.4
"323",-1.75
"324",3.9
"325",-0.65
"326",-1.25
"327",1.1
"328",0
"329",0
"330",0.6
"331",1.05
"332",-3.7
"333",-4.35
"334",-4.05
"335",-0.6
"336",0
"337",0
"338",-0.75
"339",0
"340",-1.05
"341",2.85
"342",0
"343",-3
"344",3.35
"345",-3.3
"346",0
"347",0.25
"348",-0.6
"349",-1
"350",2.9
"351",0
"352",2.7
"353",0.4
"354",-0.6
"355",-0.25
"356",-0.5
"357",0
"358",0
"359",0
"360",-1.75
"361",-0.25
"362",-1
"363",5.3
"364",-0.25
"365",0.5
"366",0
"367",0
"368",-1.6
"369",0
"370",-2.5
"371",0
"372",1.75
"373",-1.65
"374",2.65
"375",2
"376",-2.3
"377",1.1
"378",0.25
"379",-0.45
"380",-5.05
"381",1.25
"382",0
"383",-0.75
"384",0
"385",-0.4
"386",2.2
"387",0.5
"388",-0.4
"389",0
"390",0.75
"391",-0.75
"392",0.75
"393",-0.15
"394",-0.8
"395",0
"396",0
"397",0
"398",0.25
"399",0.25
"400",1
"401",0.5
"402",-1.25
"403",-0.75
"404",0
"405",-0.75
"406",-1.4
"407",1.75
"408",0
"409",0.1
"410",-1.35
"411",3.05
"412",-2.45
"413",0.75
"414",-1
"415",-0.2
"416",-0.05
"417",-0.8
"418",-2
"419",-6.15
"420",-1.9
"421",-0.75
"422",-0.4
"423",-4
"424",1
"425",0
"426",0
"427",1
"428",0.6
"429",0.6
"430",-1
"431",1.15
"432",0.7
"433",-0.4
"434",0
"435",0
"436",-0.75
"437",-2.25
"438",-0.75
"439",0.4
"440",-0.95
"441",0.4
"442",0.6
"443",0
"444",0
"445",-1.3
"446",0.25
"447",0
"448",0.25
"449",0.5
"450",2.5
"451",0
"452",-2.95
"453",-1.75
"454",-1.2
"455",2.25
"456",-0.75
"457",0.1
"458",0
"459",0
"460",-4.05
"461",0.65
"462",0
"463",-3.55
"464",-1.75
"465",0.5
"466",0.3
"467",-2.25
"468",0.7
"469",-0.1
"470",0
"471",-0.4
"472",-2.9
"473",0.85
"474",-2.05
"475",0.25
"476",0.9
"477",0
"478",0
"479",0
"480",0.5
"481",0
"482",-0.75
"483",-2.25
"484",2.1
"485",0.5
"486",1.7
"487",-1.05
"488",2.7
"489",2.15
"490",2.15
"491",2.05
"492",0
"493",0
"494",-0.75
"495",0
"496",-0.2
"497",1.5
"498",0.75
"499",1.4
"500",0.85
"501",2.35
"502",2.1
"503",0
"504",0.9
"505",0.4
"506",1.7
"507",0.6
"508",0.8
"509",0.85
"510",0
"511",-0.1
"512",-1.75
"513",1.35
"514",-0.35
"515",0.9
"516",0.85
"517",-1.4
"518",-1
"519",0.4
"520",-1.25
"521",0.35
"522",0.4
"523",-0.6
"524",-1.1
"525",0.15
"526",0
"527",0.25
"528",-1
"529",0
"530",-0.1
"531",0
"532",0.1
"533",0.5
"534",-0.5
"535",-1
"536",0.1
"537",0.9
"538",-1.5
"539",0.15
"540",-1.5
"541",0
"542",0.6
"543",0
"544",-0.5
"545",0
"546",-0.8
"547",-0.5
"548",-1.25
"549",-0.5
"550",-0.75
"551",-1
"552",0.6
"553",0.1
"554",-1
"555",0.25
"556",0.75
"557",-0.45
"558",0.3
"559",2.2
"560",2
"561",0.4
"562",0.1
"563",0.0499999999999999
"564",1.65
"565",2.9
"566",-1.5
"567",0.7
"568",-2.55
"569",0.3
"570",2.75
"571",0
"572",0
"573",0
"574",0.75
"575",3.7
"576",0
"577",0.75
"578",0.85
"579",1
"580",0
"581",0.75
"582",0.65
"583",0
"584",0.75
"585",0.5
"586",0
"587",0.35
"588",0
"589",0.75
"590",-2.5
"591",0
"592",0
"593",1
"594",1.15
"595",1.25
"596",0.1
"597",3.25
"598",0
"599",-0.7
"600",1.3
"601",0
"602",0
"603",0
"604",0
"605",2.6
"606",-2.3
"607",0
"608",3
"609",0.85
"610",0
"611",-0.4
"612",-3.6
"613",0
"614",-0.5
"615",-0.75
"616",0.5
"617",-0.5
"618",1.8
"619",0
"620",0
"621",-1.5
"622",0.4
"623",1.3
"624",0
"625",-1.55
"626",0.15
"627",0
"628",0.8
"629",0.85
"630",0
"631",-1.5
"632",-1.9
"633",-0.25
"634",-2.5
"635",-1
"636",0.75
"637",0
"638",1.35
"639",-1.75
"640",0
"641",0.5
"642",1.4
"643",0
"644",0
"645",0
"646",0
"647",0
"648",-0.25
"649",0.5
"650",0.5
"651",2.8
"652",-1
"653",-1.75
"654",0
"655",1.55
"656",1.85
"657",0.5
"658",0.5
"659",2.3
"660",-0.75
"661",-1.3
"662",-3.8
"663",0.7
"664",0
"665",0
"666",-0.75
"667",-1.25
"668",0.25
"669",2.1
"670",0
"671",0.65
"672",-2.8
"673",1.75
"674",0
"675",0
"676",0.5
"677",1.25
"678",0.5
"679",3.6
"680",5.95
"681",0
"682",0.5
"683",0
"684",7.9
"685",0
"686",-3.95
"687",0
"688",4.9
"689",0
"690",1.7
"691",2.65
"692",0
"693",-2.05
"694",0
"695",4.85
"696",0
"697",-1.7
"698",0
"699",0.8
"700",5.2
"701",0
"702",0
"703",-0.15
"704",4.05
"705",0
"706",0.35
"707",2
"708",1.9
"709",-1.7
"710",0
"711",3.35
"712",0
"713",0
"714",-1.4
"715",-2.05
"716",-2.25
"717",0
"718",0
"719",-0.75
"720",-2.1
"721",-3.5
"722",-1.6
"723",0
"724",0
"725",-1.9
"726",0
"727",0
"728",-0.95
"729",0
"730",0.8
"731",-1.95
"732",0
"733",-0.75
"734",-1.05
"735",-2.25
"736",-1.25
"737",-1.25
"738",0
"739",-0.25
"740",0.4
"741",0.75
"742",-2.25
"743",-1.25
"744",0.25
"745",-0.3
"746",-1
"747",1
"748",0
"749",0
"750",0
"751",0
"752",0
"753",0
"754",0
"755",0
"756",-0.45
"757",-0.5
"758",0.6
"759",0
"760",0
"761",2.8
"762",0.8
"763",0.8
"764",1.9
"765",-2.45
"766",-0.75
"767",0
"768",-2
"769",0
"770",0
"771",-0.75
"772",0
"773",0
"774",-0.75
"775",2.75
"776",0.65
"777",0
"778",0
"779",-0.5
"780",-0.15
"781",0
"782",0
"783",-1
"784",-0.8
"785",-0.3
"786",0
"787",0
"788",0.85
"789",1.45
"790",0
"791",0
"792",-3.95
"793",-0.85
"794",1.3
"795",0.8
"796",1.35
"797",-2.15
"798",1.15
"799",-0.65
"800",2.5
"801",0
"802",2.5
"803",-1.55
"804",0.5
"805",-2
"806",2.5
"807",0
"808",0
"809",0.8
"810",-1.5
"811",0
"812",-0.15
"813",0.25
"814",-0.75
"815",-1.5
"816",-1.25
"817",0
"818",0.15
"819",0.8
"820",0.8
"821",-2.75
"822",0.8
"823",0
"824",0
"825",0.75
"826",-1.25
"827",0
"828",-0.4
"829",0
"830",0
"831",0
"832",0
"833",0.6
"834",0.1
"835",1.65
"836",-0.65
"837",0.2
"838",0.55
"839",0.85
"840",-2.8
"841",1.6
"842",3.85
"843",-0.75
"844",0
"845",-0.4
"846",0.8
"847",2.4
"848",0
"849",0
"850",-0.3
"851",0.8
"852",0.4
"853",0.35
"854",-0.5
"855",1.75
"856",-0.25
"857",0.8
"858",0
"859",1.55
"860",-0.7
"861",-1.5
"862",0
"863",-1.2
"864",0.6
"865",0
"866",1.3
"867",0.5
"868",1.2
"869",2.15
"870",-1.75
"871",1.55
"872",-0.5
"873",0
"874",-3.2
"875",0.6
"876",2.5
"877",-1.5
"878",-0.5
"879",0.25
"880",0.6
"881",1.9
"882",-1.25
"883",0.5
"884",-0.9
"885",0
"886",0
"887",-0.5
"888",-0.7
"889",3.55
"890",0.85
"891",0.8
"892",0
"893",0
"894",0
"895",0
"896",0
"897",3.1
"898",1
"899",-2.25
"900",0.25
"901",-0.5
"902",1.25
"903",0.6
"904",0
"905",2.65
"906",0.85
"907",0.7
"908",0
"909",1.25
"910",0
"911",-0.35
"912",0
"913",1
"914",3
"915",3.75
"916",1.5
"917",-5.6
"918",-0.45
"919",5.1
"920",3.45
"921",-2.5
"922",-2.8
"923",-0.0499999999999999
"924",3.35
"925",0.75
"926",-2.6
"927",-5
"928",-0.6
"929",3.15
"930",-0.85
"931",2.95
"932",-2.7
"933",1.7
"934",0.4
"935",0.8
"936",-0.25
"937",-2.95
"938",-2.05
"939",-2.25
"940",-0.75
"941",-2.65
"942",-0.75
"943",-0.15
"944",-2.25
"945",-2.85
"946",0.75
"947",-0.4
"948",0.85
"949",2.4
"950",-5
"951",-5
"952",-2
"953",3.5
"954",4.75
"955",0
"956",1.7
"957",1.75
"958",-0.95
"959",1
"960",2.1
"961",-1.25
"962",-0.75
"963",0.4
"964",3.4
"965",0
"966",0
"967",0
"968",0
"969",6.1
"970",3.6
"971",0.25
"972",2.75
"973",-0.15
"974",2.8
"975",-1.25
"976",-1.45
"977",-2.5
"978",0
"979",2.4
"980",-0.75
"981",0
"982",-4.1
"983",0
"984",-1.05
"985",-0.25
"986",0.75
"987",0
"988",0
"989",2.7
"990",0
"991",-1
"992",-1
"993",-1.8
"994",0
"995",0.65
"996",0.5
"997",0
"998",0
"999",-0.35
"1000",-1.1
"1001",-1.2
"1002",0.35
"1003",-0.5
"1004",-0.95
"1005",-1.95
"1006",-0.35
"1007",1.25
"1008",0.75
"1009",-0.15
"1010",-1.25
"1011",0
"1012",2.05
"1013",0
"1014",0
"1015",-2.6
"1016",-1.3
"1017",2.3
"1018",-0.25
"1019",-1.15
"1020",-0.4
"1021",-1.1
"1022",-0.45
"1023",0
"1024",1.45
"1025",-0.3
"1026",0
"1027",2.25
"1028",2.5
"1029",0.65
"1030",3.25
"1031",-1
"1032",3.2
"1033",1.75
"1034",0
"1035",-2.8
"1036",0
"1037",0
"1038",0
"1039",0
"1040",0.5
"1041",-1.25
"1042",0.9
"1043",-0.8
"1044",2.05
"1045",1
"1046",0.2
"1047",2.5
"1048",-0.25
"1049",-2.05
"1050",0.25
"1051",-4.3
"1052",-0.85
"1053",0
"1054",-2.35
"1055",-1.35
"1056",0.6
"1057",-0.25
"1058",0.75
"1059",0
"1060",0
"1061",0.5
"1062",-1.25
"1063",0
"1064",0
"1065",-0.75
"1066",4.3
"1067",6.75
"1068",0.8
"1069",1.7
"1070",-2.1
"1071",0
"1072",0
"1073",-1.25
"1074",-6.15
"1075",2
"1076",-0.75
"1077",0.75
"1078",2.85
"1079",-3.05
"1080",0.5
"1081",0.5
"1082",2.2
"1083",-5.25
"1084",2.5
"1085",0.35
"1086",3.65
"1087",0
"1088",5.1
"1089",-2.25
"1090",0.8
"1091",0.2
"1092",-3.1
"1093",0.3
"1094",-2.75
"1095",-0.05
"1096",0
"1097",-2.85
"1098",1.3
"1099",0
"1100",-0.85
"1101",-5.9
"1102",-0.65
"1103",-0.15
"1104",-0.6
"1105",1.45
"1106",1.25
"1107",-2.25
"1108",-2.35
"1109",-1.75
"1110",-0.8
"1111",-1.85
"1112",1.4
"1113",-2.85
"1114",0.5
"1115",0.1
"1116",0.05
"1117",0.85
"1118",-0.45
"1119",0.8
"1120",0.8
"1121",1.15
"1122",1
"1123",-0.75
"1124",2.4
"1125",1.25
"1126",-1.25
"1127",-0.45
"1128",-0.5
"1129",0.85
"1130",2.2
"1131",0
"1132",0
"1133",-1.75
"1134",0
"1135",1.7
"1136",0
"1137",-0.75
"1138",1.15
"1139",-1.3
"1140",-1.4
"1141",2.85
"1142",-1
"1143",-2.55
"1144",-1.5
"1145",2.5
"1146",-0.65
"1147",-0.5
"1148",-2
"1149",-0.5
"1150",-0.75
"1151",1.25
"1152",-1.7
"1153",-2.25
"1154",-1.15
"1155",-0.1
"1156",-1.25
"1157",-0.45
"1158",0.25
"1159",-2.25
"1160",-1.6
"1161",-3.45
"1162",-1.75
"1163",-2.15
"1164",0
"1165",-1.85
"1166",-1.1
"1167",-0.25
"1168",0.45
"1169",-4.1
"1170",-0.75
"1171",1
"1172",2.35
"1173",1.85
"1174",0
"1175",-0.15
"1176",-0.15
"1177",0.3
"1178",3.4
"1179",1.65
"1180",6.05
"1181",0.55
"1182",3.2
"1183",0
"1184",0.8
"1185",-2.35
"1186",1.4
"1187",-2.6
"1188",0
"1189",0.5
"1190",0.25
"1191",-1
"1192",0.1
"1193",0.8
"1194",1.3
"1195",-2.35
"1196",1.1
"1197",-1
"1198",3.1
"1199",0.8
"1200",0
"1201",-4.45
"1202",-1.5
"1203",-0.75
"1204",-0.35
"1205",-0.6
"1206",0.4
"1207",-0.6
"1208",-2
"1209",-3.25
"1210",2.65
"1211",-3.6
"1212",-1.45
"1213",3.5
"1214",-0.75
"1215",4.85
"1216",-1.05
"1217",0.5
"1218",-1.5
"1219",0.25
"1220",-0.5
"1221",0
"1222",2
"1223",-1
"1224",-3
"1225",-0.75
"1226",0.35
"1227",2.35
"1228",-0.4
"1229",0.1
"1230",0.85
"1231",1.35
"1232",0
"1233",0.6
"1234",-2.25
"1235",0.6
"1236",0.35
"1237",-1.75
"1238",-2
"1239",-2.5
"1240",0
"1241",-1.1
"1242",0.5
"1243",0
"1244",-1.45
"1245",0.45
"1246",0.25
"1247",4.9
"1248",2
"1249",-2.35
"1250",-0.9
"1251",-0.15
"1252",-0.7
"1253",-0.2
"1254",1.3
"1255",-0.85
"1256",-0.0499999999999999
"1257",0
"1258",1.05
"1259",2.35
"1260",0.25
"1261",0.5
"1262",-0.75
"1263",-1.75
"1264",-2.5
"1265",-0.9
"1266",2.35
"1267",-0.15
"1268",1.85
"1269",0.15
"1270",-2.5
"1271",-0.25
"1272",0.05
"1273",0
"1274",1
"1275",-1
"1276",-0.75
"1277",-1
"1278",0.6
"1279",0.75
"1280",-0.35
"1281",-2.65
"1282",0.1
"1283",0.75
"1284",-0.3
"1285",-2.6
"1286",-0.45
"1287",1.4
"1288",-0.75
"1289",-3.35
"1290",-1.3
"1291",0.05
"1292",-0.2
"1293",-2.25
"1294",0
"1295",0.1
"1296",-0.75
"1297",0.05
"1298",-4.2
"1299",0
"1300",0
"1301",-0.85
"1302",0.35
"1303",1.6
"1304",0.55
"1305",0.85
"1306",0.4
"1307",-0.2
"1308",-0.7
"1309",-0.15
"1310",-3.25
"1311",0
"1312",0.7
"1313",0
"1314",-1.5
"1315",0.1
"1316",-3.4
"1317",0
"1318",3.6
"1319",1.35
"1320",0
"1321",-2.25
"1322",-1
"1323",0
"1324",-0.75
"1325",0.5
"1326",-0.5
"1327",-1
"1328",0
"1329",0
"1330",0
"1331",0
"1332",1.95
"1333",0
"1334",0.25
"1335",-1.75
"1336",-0.5
"1337",-1.75
"1338",-1.25
"1339",-2.5
"1340",0
"1341",-1.5
"1342",-1.5
"1343",0.15
"1344",1.25
"1345",0.95
"1346",-0.25
"1347",0.45
"1348",2.5
"1349",0.5
"1350",0.8
"1351",0
"1352",0.25
"1353",0.45
"1354",0
"1355",-0.9
"1356",0.65
"1357",0
"1358",1.25
"1359",2
"1360",-0.25
"1361",0
"1362",0
"1363",0
"1364",0.75
"1365",3.9
"1366",0
"1367",3.8
"1368",-0.35
"1369",-1.6
"1370",0.75
"1371",1
"1372",-1
"1373",-0.75
"1374",0
"1375",0
"1376",0.5
"1377",0.75
"1378",1.25
"1379",0
"1380",-0.05
"1381",2.65
"1382",-0.2
"1383",0
"1384",0.75
"1385",2.45
"1386",-1.95
"1387",3.5
"1388",0
"1389",-5.6
"1390",-2.55
"1391",2.7
"1392",0
"1393",0
"1394",-7.8
"1395",0
"1396",-1.6
"1397",-5.55
"1398",-4.65
"1399",0
"1400",-2
"1401",0
"1402",-3
"1403",-4.75
"1404",0
"1405",0.05
"1406",2.1
"1407",3.3
"1408",0
"1409",1.55
"1410",2.55
"1411",0.6
"1412",0
"1413",0.05
"1414",0.05
"1415",1.6
"1416",-0.8
"1417",-0.6
"1418",0.9
"1419",0.85
"1420",-0.75
"1421",0
"1422",0.25
"1423",-0.75
"1424",0
"1425",-1.3
"1426",0
"1427",-1
"1428",0.3
"1429",-0.4
"1430",-0.2
"1431",-0.35
"1432",1.55
"1433",-1.7
"1434",1.15
"1435",-1
"1436",-0.5
"1437",0
"1438",0
"1439",0
"1440",0
"1441",2.45
"1442",1.65
"1443",0
"1444",-7.4
"1445",-2
"1446",1.85
"1447",1.25
"1448",0
"1449",0
"1450",0
"1451",0
"1452",-4.8
"1453",-5.05
"1454",0.05
"1455",0
"1456",0
"1457",-0.75
"1458",2.2
"1459",1.75
"1460",2.35
"1461",1.3
"1462",2.25
"1463",1.5
"1464",0.7
"1465",3.65
"1466",0.35
"1467",1.1
"1468",0.35
"1469",0
"1470",-1.5
"1471",0
"1472",-1.25
"1473",0.5
"1474",-0.75
"1475",0.25
"1476",-0.5
"1477",2.6
"1478",-0.75
"1479",0
"1480",-0.5
"1481",-0.75
"1482",1.5
"1483",0.6
"1484",0
"1485",-0.25
"1486",-2.3
"1487",1.2
"1488",0
"1489",-3.75
"1490",-6.8
"1491",0.6
"1492",2.15
"1493",0
"1494",-0.5
"1495",-1.2
"1496",0
"1497",-0.8
"1498",0
"1499",-5.7
"1500",-2.1
"1501",0
"1502",-0.6
"1503",-1.25
"1504",0
"1505",-1.25
"1506",0
"1507",0
"1508",0
"1509",1.5
"1510",-2.4
"1511",0.65
"1512",0
"1513",2.85
"1514",0.1
"1515",0
"1516",0.95
"1517",0.35
"1518",5.7
"1519",1
"1520",4.4
"1521",-4.25
"1522",7.9
"1523",0
"1524",0
"1525",0
"1526",5.5
"1527",0.1
"1528",2.35
"1529",1.05
"1530",1.35
"1531",0.4
"1532",-0.75
"1533",6.5
"1534",1.25
"1535",0.6
"1536",2.65
"1537",0
"1538",-0.05
"1539",0.5
"1540",0
"1541",0
"1542",2.3
"1543",0
"1544",1.85
"1545",3.5
"1546",-1
"1547",1.45
"1548",0.95
"1549",0.25
"1550",4.75
"1551",0
"1552",0
"1553",-0.5
"1554",-1
"1555",-0.6
"1556",0
"1557",0
"1558",1.25
"1559",2.25
"1560",0.15
"1561",0.95
"1562",-0.65
"1563",0
"1564",1.2
"1565",0
"1566",-0.8
"1567",0
"1568",-0.25
"1569",-1.5
"1570",0
"1571",1.5
"1572",0
"1573",-0.65
"1574",0
"1575",0
"1576",0.5
"1577",0
"1578",-0.75
"1579",-2.25
"1580",-0.6
"1581",0
"1582",-0.1
"1583",1.7
"1584",0
"1585",-2
"1586",-1.25
"1587",0
"1588",1.75
"1589",1.2
"1590",1.5
"1591",1.7
"1592",-0.75
"1593",2.15
"1594",2.05
"1595",-0.5
"1596",-0.25
"1597",-4.25
"1598",-3.3
"1599",0.9
"1600",0.6
"1601",2.25
"1602",0.7
"1603",2.5
"1604",1.35
"1605",-1.4
"1606",-0.5
"1607",1.1
"1608",-2.45
"1609",0.5
"1610",-2.25
"1611",0
"1612",-1.5
"1613",-5.85
"1614",3.85
"1615",-0.1
"1616",0.15
"1617",-0.5
"1618",-2.45
"1619",0
"1620",-1.35
"1621",-0.75
"1622",-0.4
"1623",-1
"1624",-1.5
"1625",-3.7
"1626",-2.25
"1627",1.6
"1628",-3.25
"1629",-2.5
"1630",0.85
"1631",1.2
"1632",0
"1633",-0.3
"1634",-3.35
"1635",-0.05
"1636",-0.5
"1637",-2.95
"1638",0.35
"1639",-0.25
"1640",2.9
"1641",-1.35
"1642",0.1
"1643",-1.25
"1644",1.25
"1645",1
"1646",0
"1647",-0.4
"1648",-0.25
"1649",-1.25
"1650",-1.9
"1651",1.25
"1652",-1
"1653",1.3
"1654",-4.65
"1655",1.75
"1656",0.5
"1657",-1.6
"1658",0.75
"1659",-4.55
"1660",5.65
"1661",2.1
"1662",-1.25
"1663",0.5
"1664",-6.35
"1665",-2.5
"1666",0
"1667",0
"1668",0.1
"1669",-1.75
"1670",1.25
"1671",-0.8
"1672",-1.65
"1673",-1.8
"1674",-3.1
"1675",-1.25
"1676",-0.35
"1677",0
"1678",-0.4
"1679",0
"1680",2.9
"1681",1.15
"1682",-1.9
"1683",-0.75
"1684",0
"1685",0
"1686",-0.75
"1687",1.05
"1688",-0.75
"1689",-1.75
"1690",-2.45
"1691",-1.05
"1692",0.25
"1693",-2.1
"1694",-2
"1695",-0.5
"1696",0.8
"1697",0
"1698",4
"1699",2
"1700",0.5
"1701",0
"1702",0.25
"1703",-0.75
"1704",0
"1705",0.75
"1706",0
"1707",-1.25
"1708",-1.25
"1709",-2.05
"1710",-0.7
"1711",-1.5
"1712",-8.9
"1713",0
"1714",-5.6
"1715",-3.75
"1716",-4.55
"1717",-2.95
"1718",0
"1719",-0.4
"1720",-0.4
"1721",-5.25
"1722",-6.5
"1723",-1.5
"1724",0
"1725",-0.45
"1726",-2.55
"1727",0
"1728",-2.55
"1729",0
"1730",0.05
"1731",-1.9
"1732",1.6
"1733",0
"1734",0
"1735",-1.7
"1736",-1.8
"1737",1
"1738",0.5
"1739",0.6
"1740",-1
"1741",1.95
"1742",1
"1743",-2.35
"1744",-0.2
"1745",-1.55
"1746",-4
"1747",0
"1748",0
"1749",2.6
"1750",5.45
"1751",2.15
"1752",2.55
"1753",3.35
"1754",0.9
"1755",0.65
"1756",0.5
"1757",2.15
"1758",2.7
"1759",-1.15
"1760",1.65
"1761",-0.1
"1762",-1.9
"1763",-0.15
"1764",-1.1
"1765",0.4
"1766",-0.5
"1767",0.6
"1768",1.85
"1769",0.8
"1770",3.5
"1771",0.75
"1772",0
"1773",0.6
"1774",0.5
"1775",2.65
"1776",0.6
"1777",2.05
"1778",1.35
"1779",-0.75
"1780",-0.65
"1781",0.7
"1782",0.75
"1783",3.6
"1784",3
"1785",-1.35
"1786",-0.75
"1787",1.25
"1788",-1.15
"1789",1.2
"1790",3.1
"1791",0.5
"1792",0
"1793",0
"1794",-1.8
"1795",-1
"1796",1.7
"1797",3.95
"1798",-1.05
"1799",0
"1800",0
"1801",0
"1802",0
"1803",0
"1804",1
"1805",0
"1806",0
"1807",4.25
"1808",0.05
"1809",1.25
"1810",-0.8
"1811",0.3
"1812",0
"1813",-1.5
"1814",0.25
"1815",-2.8
"1816",-2.3
"1817",2.4
"1818",1.25
"1819",0
"1820",3.25
"1821",0.4
"1822",0.15
"1823",-0.2
"1824",0.5
"1825",0
"1826",-0.35
"1827",0.75
"1828",-0.6
"1829",0.35
"1830",1.9
"1831",2.05
"1832",1
"1833",0
"1834",0.25
"1835",0
"1836",-0.85
"1837",-0.5
"1838",1
"1839",0
"1840",-0.25
"1841",-2.25
"1842",1.2
"1843",0
"1844",0.75
"1845",0.75
"1846",2.25
"1847",-0.25
"1848",-1
"1849",0.75
"1850",2.1
"1851",0
"1852",2.05
"1853",0.5
"1854",0.95
"1855",1.35
"1856",-0.1
"1857",1
"1858",0.5
"1859",1.5
"1860",-1.25
"1861",-0.5
"1862",2.7
"1863",-0.25
"1864",-0.25
"1865",1.8
"1866",0
"1867",0
"1868",1.3
"1869",0
"1870",3
"1871",0.9
"1872",-0.95
"1873",0
"1874",0
"1875",1.35
"1876",-1
"1877",0
"1878",0
"1879",-1.15
"1880",0
"1881",0
"1882",0
"1883",0
"1884",-0.5
"1885",-2.25
"1886",0
"1887",2.15
"1888",-0.75
"1889",0
"1890",3.7
"1891",1
"1892",0
"1893",0
"1894",-0.1
"1895",0.15
"1896",-0.75
"1897",0.75
"1898",0
"1899",0.5
"1900",-3.3
"1901",1.5
"1902",-1.4
"1903",0
"1904",0
"1905",0
"1906",-2.85
"1907",0.35
"1908",0.8
"1909",0.55
"1910",-1
"1911",-1
"1912",-2.5
"1913",-1.6
"1914",0.5
"1915",0
"1916",0.25
"1917",-1
"1918",0.8
"1919",-0.45
"1920",0
"1921",0
"1922",-6.7
"1923",-0.65
"1924",0.5
"1925",0
"1926",3.5
"1927",1.6
"1928",-0.75
"1929",5.9
"1930",1.7
"1931",-0.5
"1932",-2.8
"1933",0
"1934",-0.2
"1935",2.35
"1936",-2.65
"1937",1
"1938",-1.25
"1939",0.2
"1940",0
"1941",0
"1942",1
"1943",-2
"1944",-0.75
"1945",-0.75
"1946",-1.95
"1947",3.55
"1948",0
"1949",2
"1950",-0.25
"1951",0.25
"1952",2.5
"1953",2.7
"1954",0
"1955",0.8
"1956",-0.75
"1957",-1.65
"1958",-0.75
"1959",-0.6
"1960",0
"1961",3.9
"1962",0
"1963",-0.25
"1964",1.15
"1965",-1
"1966",0.9
"1967",0.75
"1968",3
"1969",0.8
"1970",0.5
"1971",2.3
"1972",3.75
"1973",0.5
"1974",-0.25
"1975",3.8
"1976",0
"1977",0
"1978",0
"1979",0
"1980",0
"1981",0
"1982",0
"1983",0.6
"1984",0.6
"1985",0.75
"1986",0.55
"1987",0.6
"1988",1.25
"1989",1.3
"1990",0.35
"1991",-0.8
"1992",-0.75
"1993",1.9
"1994",-1
"1995",-0.75
"1996",2.4
"1997",0
"1998",1.8
"1999",-0.2
"2000",0.75
"2001",1.1
"2002",-0.35
"2003",7.4
"2004",4.9
"2005",-0.4
"2006",-0.45
"2007",1.05
"2008",-1
"2009",-0.15
"2010",0.95
"2011",1.2
"2012",0
"2013",0
"2014",0
"2015",0
"2016",-0.9
"2017",0
"2018",1.15
"2019",1.25
"2020",-1.05
"2021",0.35
"2022",-3.55
"2023",1.75
"2024",2.6
"2025",0.4
"2026",-4.5
"2027",-1.35
"2028",2.15
"2029",0.75
"2030",0.6
"2031",-2.6
"2032",-8.35
"2033",-3.5
"2034",-3.6
"2035",-7.15
"2036",-2.6
"2037",0.2
"2038",-0.95
"2039",-1.15
"2040",1.85
"2041",1.95
"2042",1.25
"2043",-0.15
"2044",0.25
"2045",9.65
"2046",1
"2047",0.05
"2048",1.3
"2049",0.95
"2050",4.55
"2051",2.25
"2052",-1
"2053",1.3
"2054",0.25
"2055",2
"2056",-5.05
"2057",-2.8
"2058",1.25
"2059",0
"2060",2.9
"2061",2.55
"2062",0
"2063",5.75
"2064",1
"2065",4.1
"2066",-0.55
"2067",4.15
"2068",4.65
"2069",1.1
"2070",0
"2071",-0.45
"2072",1.15
"2073",2.15
"2074",-2.1
"2075",3.4
"2076",-0.8
"2077",1.35
"2078",2.1
"2079",1.8
"2080",2.75
"2081",1.5
"2082",-0.85
"2083",1.25
"2084",4.35
"2085",0
"2086",1.3
"2087",0
"2088",0.7
"2089",0
"2090",-1.4
"2091",0
"2092",1.15
"2093",1.4
"2094",-0.4
"2095",2.85
"2096",2.45
"2097",0.5
"2098",4.65
"2099",3
"2100",4.3
"2101",2.05
"2102",0.6
"2103",1.45
"2104",0.25
"2105",0.75
"2106",0.75
"2107",0
"2108",0
"2109",-0.5
"2110",0
"2111",-2
"2112",0.5
"2113",1.55
"2114",-1.9
"2115",0
"2116",-0.15
"2117",3.9
"2118",3.85
"2119",1.3
"2120",0.7
"2121",0
"2122",0.8
"2123",0.75
"2124",1
"2125",-0.1
"2126",0.25
"2127",-2.8
"2128",-0.5
"2129",0.25
"2130",0.6
"2131",-2
"2132",-0.25
"2133",-0.75
"2134",0
"2135",0.6
"2136",0
"2137",0.8
"2138",0
"2139",4.25
"2140",0
"2141",0
"2142",-0.75
"2143",-0.75
"2144",1.9
"2145",-0.75
"2146",1.55
"2147",4.9
"2148",-2.6
"2149",-0.5
"2150",3.1
"2151",-0.45
"2152",0.15
"2153",-0.65
"2154",0.25
"2155",0.1
"2156",-1.05
"2157",0.5
"2158",-0.2
"2159",6.7
"2160",0.85
"2161",-1
"2162",0.05
"2163",1.7
"2164",0.1
"2165",0.25
"2166",0.25
"2167",0.8
"2168",0.6
"2169",0.5
"2170",2.45
"2171",0.5
"2172",-2.5
"2173",0.4
"2174",0
"2175",-0.5
"2176",0.35
"2177",1.05
"2178",-0.25
"2179",-0.25
"2180",-1.65
"2181",0.3
"2182",0
"2183",0.6
"2184",-0.25
"2185",0.8
"2186",-2.25
"2187",0
"2188",-0.75
"2189",-2.3
"2190",1.35
"2191",-0.25
"2192",0
"2193",3.05
"2194",0
"2195",1.35
"2196",1.75
"2197",6.85
"2198",0.5
"2199",-0.25
"2200",0.5
"2201",-1.75
"2202",-0.75
"2203",0.35
"2204",0
"2205",1.5
"2206",0.75
"2207",2.8
"2208",-3
"2209",-2
"2210",1.95
"2211",3.55
"2212",1.7
"2213",0
"2214",-1
"2215",-1.25
"2216",-1
"2217",-0.2
"2218",-0.75
"2219",0
"2220",-3.8
"2221",0
"2222",3.7
"2223",-0.35
"2224",-0.65
"2225",4.05
"2226",1
"2227",-1
"2228",0
"2229",1
"2230",0.7
"2231",-0.75
"2232",-0.85
"2233",1.4
"2234",0.8
"2235",0
"2236",0
"2237",0.6
"2238",0
"2239",1.4
"2240",-1.15
"2241",1.55
"2242",0.8
"2243",1.55
"2244",1.85
"2245",2.5
"2246",-0.75
"2247",-0.4
"2248",1.4
"2249",1.8
"2250",-1.4
"2251",-0.75
"2252",-1.5
"2253",-1.9
"2254",-0.25
"2255",-0.4
"2256",-1.75
"2257",0.7
"2258",1.4
"2259",3.1
"2260",-0.75
"2261",6.1
"2262",-0.55
"2263",0.75
"2264",0.5
"2265",0.5
"2266",0.75
"2267",0.75
"2268",0
"2269",1.85
"2270",0.75
"2271",0.8
"2272",0.5
"2273",0.6
"2274",0.75
"2275",-0.5
"2276",0.3
"2277",-0.7
"2278",0.15
"2279",-0.5
"2280",1
"2281",-0.8
"2282",0
"2283",0
"2284",0.5
"2285",-1
"2286",0.05
"2287",0
"2288",-0.5
"2289",2.2
"2290",0
"2291",0.2
"2292",0
"2293",0.85
"2294",0.8
"2295",-0.75
"2296",-0.4
"2297",1.55
"2298",-1
"2299",1.1
"2300",0.3
"2301",0.8
"2302",0
"2303",0.4
"2304",1.95
"2305",0.6
"2306",1.1
"2307",0
"2308",0.5
"2309",0.5
"2310",0.1
"2311",1
"2312",0
"2313",0.75
"2314",1
"2315",0
"2316",1.65
"2317",0
"2318",0.25
"2319",0
"2320",0.5
"2321",1.1
"2322",0.35
"2323",0.35
"2324",1.3
"2325",1.5
"2326",0
"2327",-1.4
"2328",-0.5
"2329",-0.75
"2330",-0.25
"2331",0
"2332",1.15
"2333",1
"2334",0
"2335",0
"2336",-0.5
"2337",-0.5
"2338",0
"2339",0
"2340",-0.8
"2341",1
"2342",0.5
"2343",0
"2344",-0.5
"2345",0.5
"2346",1.15
"2347",1
"2348",1.1
"2349",0.75
"2350",-0.5
"2351",0
"2352",2.15
"2353",1
"2354",0
"2355",-1.8
"2356",0.25
"2357",0.3
"2358",2.75
"2359",1.35
"2360",0
"2361",-3.5
"2362",0.8
"2363",1.5
"2364",0
"2365",0
"2366",1
"2367",0.5
"2368",1.25
"2369",1.4
"2370",-1.25
"2371",2.1
"2372",1.75
"2373",-0.35
"2374",0.5
"2375",1.8
"2376",0
"2377",1.75
"2378",1.25
"2379",-0.05
"2380",0
"2381",-0.75
"2382",0
"2383",0.6
"2384",2
"2385",-0.75
"2386",0
"2387",0.6
"2388",1.95
"2389",0.8
"2390",0.05
"2391",0.55
"2392",0.75
"2393",0
"2394",0.25
"2395",0
"2396",-0.35
"2397",-1
"2398",1.1
"2399",1
"2400",0.85
"2401",0.6
"2402",0
"2403",1.6
"2404",1.05
"2405",1.3
"2406",1.7
"2407",0
"2408",0.5
"2409",0.5
"2410",2.35
"2411",-0.25
"2412",-0.6
"2413",1.6
"2414",0
"2415",0.3
"2416",0
"2417",0.75
"2418",1.1
"2419",0.4
"2420",-2.75
"2421",0
"2422",-0.5
"2423",-1.5
"2424",-0.25
"2425",0
"2426",-1
"2427",-2.05
"2428",-0.4
"2429",0.05
"2430",-1.5
"2431",-1.75
"2432",0
"2433",-1.3
"2434",0
"2435",1.55
"2436",-0.6
"2437",0
"2438",-0.6
"2439",0.75
"2440",0
"2441",0.4
"2442",-1.9
"2443",0
"2444",0.5
"2445",0.25
"2446",1.3
"2447",-0.25
"2448",0
"2449",-0.35
"2450",0.75
"2451",1
"2452",0
"2453",0
"2454",-0.6
"2455",0
"2456",-0.2
"2457",-0.5
"2458",1.3
"2459",1.1
"2460",0
"2461",-0.5
"2462",0
"2463",1
"2464",0
"2465",0.1
"2466",0.5
"2467",0
"2468",0
"2469",-0.95
"2470",-2.5
"2471",-0.25
"2472",-1.75
"2473",-0.6
"2474",0.05
"2475",0.8
"2476",0
"2477",-0.25
"2478",-1
"2479",1
"2480",-1.15
"2481",-0.4
"2482",0
"2483",-0.5
"2484",-1
"2485",-0.5
"2486",0
"2487",0
"2488",0
"2489",0.65
"2490",-1.7
"2491",0
"2492",-0.7
"2493",0.25
"2494",0.95
"2495",-0.5
"2496",0
"2497",0
"2498",-0.25
"2499",0
"2500",0
"2501",-1.6
"2502",-0.25
"2503",0.5
"2504",1.25
"2505",0
"2506",0.8
"2507",1
"2508",-0.15
"2509",-1.8
"2510",0
"2511",1.25
"2512",-0.8
"2513",0.05
"2514",-1
"2515",0
"2516",-3
"2517",0
"2518",0
"2519",0
"2520",1
"2521",0
"2522",1
"2523",2.05
"2524",2.15
"2525",0
"2526",0.8
"2527",0.5
"2528",2.55
"2529",0.5
"2530",-0.25
"2531",1.3
"2532",-1.1
"2533",2.25
"2534",2.3
"2535",0
"2536",3.25
"2537",0.5
"2538",1.8
"2539",0
"2540",0.55
"2541",2.3
"2542",-0.25
"2543",0.3
"2544",0
"2545",0.85
"2546",0.75
"2547",0
"2548",0.6
"2549",1.45
"2550",-0.25
"2551",-0.3
"2552",1.5
"2553",0.1
"2554",0.9
"2555",-0.3
"2556",3.1
"2557",0
"2558",1.55
"2559",0
"2560",-0.2
"2561",-0.5
"2562",-0.6
"2563",0
"2564",0.25
"2565",0
"2566",0.25
"2567",-0.1
"2568",-1.5
"2569",-0.5
"2570",1.6
"2571",-2.85
"2572",-0.25
"2573",0.25
"2574",0
"2575",0
"2576",0.25
"2577",0
"2578",0.25
"2579",-0.35
"2580",-0.5
"2581",0
"2582",0.5
"2583",1.95
"2584",1.25
"2585",1.55
"2586",0
"2587",0.25
"2588",0
"2589",3.7
"2590",0
"2591",-1.4
"2592",-1.55
"2593",-1.25
"2594",0
"2595",0.7
"2596",1.2
"2597",0.25
"2598",0
"2599",0
"2600",0
"2601",0
"2602",0.35
"2603",-0.25
"2604",0.75
"2605",1.45
"2606",0
"2607",0
"2608",-0.75
"2609",0.5
"2610",2.4
"2611",0
"2612",-0.95
"2613",0
"2614",1.8
"2615",0
"2616",0
"2617",0
"2618",0.9
"2619",0
"2620",-0.6
"2621",-0.15
"2622",-2
"2623",-2
"2624",2.45
"2625",1
"2626",1.5
"2627",0
"2628",2.15
"2629",-0.5
"2630",0
"2631",0.55
"2632",3.6
"2633",4.05
"2634",-0.4
"2635",-0.75
"2636",2.6
"2637",0.75
"2638",1.8
"2639",-0.75
"2640",2.75
"2641",-0.95
"2642",0.5
"2643",0
"2644",0
"2645",0.75
"2646",-0.5
"2647",1
"2648",0.25
"2649",0
"2650",1
"2651",0
"2652",2
"2653",-0.25
"2654",0
"2655",-0.35
"2656",-0.25
"2657",0
"2658",1.35
"2659",0.5
"2660",0
"2661",-1.75
"2662",0
"2663",0
"2664",0
"2665",0
"2666",2.4
"2667",-0.5
"2668",0.75
"2669",-0.8
"2670",-0.5
"2671",-0.75
"2672",-3.25
"2673",-2.35
"2674",-0.5
"2675",1.25
"2676",1
"2677",0.9
"2678",0.15
"2679",0.8
"2680",0.9
"2681",1.35
"2682",0
"2683",0.25
"2684",-3.9
"2685",0
"2686",-0.9
"2687",0
"2688",0.4
"2689",-1
"2690",1.35
"2691",0.85
"2692",0.6
"2693",0.6
"2694",0
"2695",0.25
"2696",0
"2697",0.75
"2698",1.35
"2699",0
"2700",-0.4
"2701",-0.5
"2702",1
"2703",0
"2704",0.5
"2705",1.8
"2706",0.55
"2707",0
"2708",0.5
"2709",4.65
"2710",-0.25
"2711",0.75
"2712",0.9
"2713",0
"2714",0
"2715",-0.9
"2716",-1.05
"2717",-0.65
"2718",0.6
"2719",-1
"2720",3.1
"2721",0.35
"2722",0
"2723",0.8
"2724",0.5
"2725",0
"2726",0.3
"2727",1.4
"2728",1.05
"2729",0
"2730",2.45
"2731",1.3
"2732",-1.2
"2733",0
"2734",0.3
"2735",-1.4
"2736",1
"2737",-0.5
"2738",0.8
"2739",-1.6
"2740",0
"2741",1.6
"2742",0.5
"2743",1.25
"2744",-2.4
"2745",-0.15
"2746",-0.5
"2747",-1.55
"2748",0
"2749",0
"2750",1
"2751",0
"2752",0
"2753",1.65
"2754",0.5
"2755",1
"2756",0
"2757",0.8
"2758",2.75
"2759",1.1
"2760",0
"2761",0.5
"2762",0
"2763",0.5
"2764",-1.6
"2765",0
"2766",0.75
"2767",0.25
"2768",1
"2769",1.25
"2770",-0.65
"2771",0.6
"2772",0.75
"2773",1
"2774",0.5
"2775",0
"2776",1.6
"2777",1
"2778",0.05
"2779",-0.15
"2780",0.25
"2781",0.5
"2782",0
"2783",0
"2784",-1.5
"2785",2.35
"2786",2.15
"2787",2.2
"2788",1.15
"2789",-0.15
"2790",-2
"2791",1.4
"2792",-0.5
"2793",2
"2794",0.6
"2795",1.1
"2796",1.35
"2797",-0.5
"2798",0
"2799",0.15
"2800",-2.2
"2801",-1.8
"2802",0.9
"2803",0
"2804",0.25
"2805",0
"2806",-3.85
"2807",0.15
"2808",0
"2809",0
"2810",0
"2811",0.3
"2812",-0.5
"2813",0.35
"2814",0.75
"2815",0.1
"2816",-1
"2817",-2.7
"2818",0
"2819",0.25
"2820",0.05
"2821",-1.4
"2822",-0.75
"2823",0
"2824",0
"2825",0.7
"2826",1.65
"2827",-0.2
"2828",3.25
"2829",-1.75
"2830",-0.5
"2831",0.7
"2832",1.25
"2833",-0.5
"2834",0
"2835",1.75
"2836",0.1
"2837",0
"2838",0
"2839",-1.5
"2840",1.3
"2841",0.1
"2842",2.4
"2843",-2.1
"2844",-1.75
"2845",0
"2846",-1.75
"2847",0.35
"2848",-0.2
"2849",0
"2850",0.5
"2851",2.1
"2852",1.3
"2853",1.95
"2854",2.5
"2855",0
"2856",0
"2857",1
"2858",2.25
"2859",0
"2860",0.8
"2861",2.8
"2862",0
"2863",1.25
"2864",0.9
"2865",0.8
"2866",-0.5
"2867",1.35
"2868",-1
"2869",-0.1
"2870",0
"2871",0
"2872",0.5
"2873",1.75
"2874",2.3
"2875",-1.25
"2876",-0.15
"2877",1.5
"2878",1.75
"2879",0.5
"2880",0
"2881",0.5
"2882",1
"2883",0.8
"2884",0
"2885",1.5
"2886",0
"2887",-3.5
"2888",0
"2889",3.1
"2890",2
"2891",4.9
"2892",1.75
"2893",1.1
"2894",0
"2895",0
"2896",0
"2897",0.95
"2898",-0.15
"2899",1.85
"2900",-0.75
"2901",0.3
"2902",2.25
"2903",-0.85
"2904",-3.2
"2905",-0.6
"2906",-1.25
"2907",0.8
"2908",0
"2909",3.65
"2910",1.15
"2911",0.4
"2912",3
"2913",1.55
"2914",0.6
"2915",2.4
"2916",1
"2917",-1.25
"2918",-1.05
"2919",2.25
"2920",4
"2921",2.8
"2922",9.05
"2923",0
"2924",0
"2925",0
"2926",0
"2927",0.5
"2928",0
"2929",-0.6
"2930",0
"2931",-0.7
"2932",0
"2933",2.75
"2934",0.75
"2935",-0.25
"2936",0.75
"2937",0
"2938",0
"2939",-1.85
"2940",1.6
"2941",0
"2942",-2.2
"2943",0
"2944",-5.65
"2945",0
"2946",2.5
"2947",0
"2948",-1.7
"2949",2.8
"2950",0
"2951",0
"2952",1
"2953",0.6
"2954",0.6
"2955",1.55
"2956",-1.8
"2957",3.5
"2958",1.5
"2959",0.3
"2960",3.5
"2961",0
"2962",2.1
"2963",0.75
"2964",2
"2965",0
"2966",0
"2967",0
"2968",0
"2969",-0.75
"2970",0
"2971",0
"2972",0
"2973",-0.75
"2974",1.8
"2975",0.75
"2976",1.25
"2977",1
"2978",0
"2979",1.5
"2980",1.9
"2981",0.9
"2982",0.5
"2983",0
"2984",0
"2985",1.25
"2986",2.1
"2987",2.6
"2988",0
"2989",2.25
"2990",-1.95
"2991",-0.8
"2992",-2.1
"2993",0.75
"2994",0
"2995",10.05
"2996",8.45
"2997",4.15
"2998",2.85
"2999",2.5
"3000",1
"3001",4.2
"3002",-0.8
"3003",0.5
"3004",0
"3005",0
"3006",0.5
"3007",0
"3008",0
"3009",1.6
"3010",0
"3011",0
"3012",-1.3
"3013",0
"3014",-1.8
"3015",-1.5
"3016",0
"3017",0
"3018",1.3
"3019",0
"3020",-0.55
"3021",-1.9
"3022",0
"3023",-0.5
"3024",0.5
"3025",0
"3026",0
"3027",4.95
"3028",1.1
"3029",1
"3030",0.8
"3031",3
"3032",0.3
"3033",0
"3034",0
"3035",0
"3036",2.15
"3037",0
"3038",0
"3039",0
"3040",0
"3041",0.75
"3042",-1.8
"3043",-3.4
"3044",-3.8
"3045",0.6
"3046",-1.75
"3047",-0.25
"3048",-2.25
"3049",0.65
"3050",-3.4
"3051",1
"3052",-0.5
"3053",1.05
"3054",-1.6
"3055",0
"3056",-0.6
"3057",-1.4
"3058",-3.25
"3059",0.25
"3060",-2.65
"3061",-2.85
"3062",0
"3063",-1.5
"3064",-1.75
"3065",-0.25
"3066",0
"3067",1
"3068",-0.25
"3069",0
"3070",-1.85
"3071",0.1
"3072",0.75
"3073",-1.25
"3074",1.5
"3075",1.4
"3076",-0.75
"3077",0
"3078",0.8
"3079",-0.45
"3080",0
"3081",0
"3082",0
"3083",0.75
"3084",0.75
"3085",-0.65
"3086",-1
"3087",1.25
"3088",0.6
"3089",-1
"3090",2.6
"3091",0.5
"3092",0.8
"3093",2.05
"3094",3.3
"3095",0
"3096",-1.35
"3097",1.9
"3098",0
"3099",0
"3100",-0.6
"3101",0.2
"3102",0
"3103",1.25
"3104",-0.25
"3105",1.75
"3106",0
"3107",0
"3108",0
"3109",0
"3110",1.2
"3111",0.1
"3112",1.4
"3113",0
"3114",0.95
"3115",-1.9
"3116",-0.05
"3117",0.75
"3118",0.4
"3119",2.7
"3120",0
"3121",2
"3122",-0.3
"3123",-1
"3124",-0.5
"3125",0
"3126",0
